{
  "session_duration": 18.1283962726593,
  "total_frames": 1363,
  "avg_processing_time": 45.29451290766398,
  "avg_fps": 16.916963525506574,
  "optimization_activations": 0
}