{
  "session_duration": 17.933516025543213,
  "total_frames": 898,
  "avg_processing_time": 32.49265988667806,
  "avg_fps": 16.821704107267404,
  "optimization_activations": 0
}